_id,unavailableDates
C1001,"18-11-2025, 19-11-2025, 20-11-2025, 21-11-2025, 22-11-2025, 23-11-2025"
C1002,"25-11-2025, 26-11-2025, 27-11-2025, 28-11-2025"
C1003,"29-11-2025, 02-12-2025"
C1004,"06-12-2025, 07-12-2025, 09-12-2025, 10-12-2025, 11-12-2025"
C1009,"25-11-2025, 26-11-2025, 27-11-2025"
C1010,"28-11-2025, 29-11-2025"
C1013,"16-12-2025"
C1014,"17-12-2025, 18-12-2025, 19-12-2025, 20-12-2025"
C1020,"17-12-2025, 18-12-2025, 19-12-2025"
C1104,"18-11-2025, 19-11-2025"
C1114,"20-11-2025, 21-11-2025"
C2408,"22-11-2025, 23-11-2025"
C2420,"25-11-2025, 26-11-2025, 27-11-2025"
C2434,"18-11-2025, 19-11-2025, 20-11-2025, 21-11-2025"
C2525,"22-11-2025, 23-11-2025, 25-11-2025, 26-11-2025, 27-11-2025"
C2537,"28-11-2025, 29-11-2025"
C375,"02-12-2025, 06-12-2025, 07-12-2025"
C413,"09-12-2025, 10-12-2025, 11-12-2025, 12-12-2025"
C436,"13-12-2025, 14-12-2025, 16-12-2025, 17-12-2025"
C449,"18-12-2025, 19-12-2025, 20-12-2025"
C564,"18-11-2025, 19-11-2025, 20-11-2025"
C756,"21-11-2025, 22-11-2025, 23-11-2025"
C926,"25-11-2025, 26-11-2025, 27-11-2025"
RS318,"28-11-2025, 29-11-2025, 02-12-2025, 06-12-2025, 07-12-2025"
RS545,"09-12-2025, 10-12-2025, 11-12-2025, 12-12-2025, 13-12-2025"
RS714,"14-12-2025, 16-12-2025, 17-12-2025, 18-12-2025, 19-12-2025"
RS735,"18-11-2025, 19-11-2025, 20-11-2025, 21-11-2025, 22-11-2025"
RS756,"23-11-2025, 25-11-2025, 26-11-2025, 27-11-2025, 28-11-2025"
RS888,"29-11-2025, 02-12-2025, 06-12-2025, 07-12-2025"
RS889,"09-12-2025, 10-12-2025, 11-12-2025"
RS1005,"12-12-2025, 13-12-2025, 14-12-2025"
RS1006,"16-12-2025"
RS1007,"17-12-2025, 18-12-2025, 19-12-2025, 20-12-2025"
RS1008,"18-11-2025, 19-11-2025, 20-11-2025, 21-11-2025, 22-11-2025, 23-11-2025"
RS1011,"02-12-2025, 06-12-2025, 07-12-2025, 09-12-2025"
RS1012,"10-12-2025, 11-12-2025, 12-12-2025, 13-12-2025, 14-12-2025"
RS1015,"18-11-2025, 19-11-2025, 20-11-2025, 21-11-2025, 22-11-2025, 23-11-2025"
RS1016,"25-11-2025, 26-11-2025, 27-11-2025"
RS1017,"28-11-2025, 29-11-2025, 02-12-2025, 06-12-2025"
RS1018,"07-12-2025, 09-12-2025, 10-12-2025, 11-12-2025, 12-12-2025, 13-12-2025"
RS1019,"14-12-2025, 16-12-2025"